"","Year","Station","DIN","DIP","CHLFa","SIL","TN","TP","SAL","T","ZS"
"1",1990,"DANT",27.401,1.472,16.485,9.929,65.642,5.296,31.116,12.61,65.9
"2",1990,"DREI",16.3541666666667,4.54041666666667,2.44583333333333,10.8295833333333,41.5770833333333,5.73,31.4808333333333,12.2541666666667,2.33333333333333
"3",1990,"G6",31.61625,1.28625,7.3,8.26125,51.52,3.12375,31.41,12.05,28.25
"4",1990,"GROO",190.323636363636,4.07545454545455,6.81818181818182,95.2936363636364,249.675454545455,11.6036363636364,17.9272727272727,12.1818181818182,104.918181818182
"5",1990,"HAMM",25.3033333333333,1.59916666666667,2.48875,10.0958333333333,42.11375,2.6925,32.52125,12.8416666666667,9.125
"6",1990,"HANS",228.90375,8.23541666666667,10.8283333333333,54.8725,289.8225,13.3891666666667,20.28,12.825,52.4583333333333
"7",1990,"HUIB",32.8509090909091,1.14727272727273,6.81818181818182,9.20545454545455,54.3518181818182,2.28454545454545,31.0763636363636,11.8181818181818,12.1
"8",1990,"LODS",23.7591666666667,1.69125,2.90458333333333,8.17041666666667,43.6020833333333,2.91708333333333,32.15375,12.7625,8.5
"9",1990,"MARS",22.9122222222222,1.17444444444444,9.04888888888889,5.44777777777778,52.46,3.02111111111111,29.83,13.7666666666667,15.7777777777778
"10",1990,"N02",49.72375,2.3125,4.0375,10.93375,65.8925,3.61625,29.7175,11.775,14.125
"11",1990,"N20",21.035,1.13125,5.3125,5.38375,34.82125,1.83375,32.52625,11.9875,3.25
"12",1990,"N70",2.53625,0.235,1.2,2.07875,8.39375,0.645,35.23125,12.425,3.125
"13",1990,"SOEL",38.4229166666667,14.6054166666667,9.80416666666667,106.735,85.68375,16.90875,21.7541666666667,12.3208333333333,3.33333333333333
"14",1990,"T004",14.1822222222222,0.816666666666667,5.52222222222222,3.85222222222222,30.8733333333333,1.81333333333333,32.9377777777778,11.7888888888889,12.6666666666667
"15",1990,"T010",10.725,0.66875,3.55,2.92,20.3575,1.15,33.7775,11.6625,4.25
"16",1990,"T100",2.375,0.325,0.5625,2.82125,8.12625,0.60875,34.7775,11.375,2.5
"17",1990,"T135",1.99222222222222,0.343333333333333,0.6,2.71333333333333,7.30222222222222,0.631111111111111,34.7911111111111,11.7222222222222,2.77777777777778
"18",1990,"T175",1.46375,0.245,0.5625,2.1625,6.5175,0.5,34.93125,11.8625,2.375
"19",1990,"T235",1.47,0.213333333333333,0.922222222222222,1.38111111111111,6.27111111111111,0.452222222222222,34.9522222222222,11.1111111111111,1.66666666666667
"20",1990,"VLIS",52.8054545454545,2.42818181818182,5.96363636363636,16.7909090909091,78.1822727272727,5.38772727272727,31.6031818181818,12.25,53.7272727272727
"21",1990,"W02",20.60625,1.2275,6.2625,7.54625,40.8025,3.39125,33.1975,12.025,44.625
"22",1990,"W20",15.7957142857143,0.921428571428571,4.87142857142857,5.94,26.5314285714286,1.77571428571429,33.9085714285714,11.6142857142857,13.4285714285714
"23",1990,"W70",3.65125,0.30625,3.3625,2.6075,9.285,0.7,35.215,12.85,8.75
"24",1990,"WISS",23.1429166666667,1.37,3.16583333333333,9.29333333333333,41.3691666666667,4.65166666666667,32.84375,12.7791666666667,11.75
"25",1990,"ZIJP",31.37375,1.90166666666667,7.595,10.7654166666667,52.26125,3.05,30.4229166666667,12.75,4.79166666666667
"26",1990,"ZUID",30.3177777777778,1.80777777777778,13.0055555555556,13.8,62.8566666666667,4.82888888888889,31.2488888888889,12.9222222222222,35
"27",1991,"DANT",20.58125,1.3275,9.3075,10.2475,60.54875,5.61875,30.66375,11.675,94.875
"28",1991,"DREI",11.7420833333333,4.05375,5.36916666666667,7.86083333333333,36.0408333333333,5.54875,31.57,10.1166666666667,3.25
"29",1991,"G6",31.075,1.26227272727273,11.5372727272727,8.64803030303031,57.5398484848485,3.45818181818182,31.6165151515152,10.4393939393939,45.8030303030303
"30",1991,"GROO",137.6,4.682,4.296,97.474,187.442,10.752,19.536,13.88,119.2
"31",1991,"HAMM",25.5745833333333,1.38875,5.18916666666667,9.42666666666667,43.6345833333333,2.7075,32.1545833333333,10.2041666666667,11.1666666666667
"32",1991,"HANS",280.838125,7.9375,6.225,71.18125,305.501875,12.6025,18.739375,9.65,57.75
"33",1991,"HUIB",28.6416666666667,1.31666666666667,4.84333333333333,10.0983333333333,47.8683333333333,2.34666666666667,30.675,11.6333333333333,9
"34",1991,"LODS",19.5509090909091,1.44727272727273,4.32,5.73772727272727,42.9540909090909,2.815,31.8659090909091,10.6681818181818,6.68181818181818
"35",1991,"MARS",21.88,1.046,7.288,4.72,43.814,2.476,30.552,13.56,17.4
"36",1991,"N02",47.6057407407407,1.76,10.4812962962963,11.2944444444444,69.9203703703704,3.495,29.6131481481481,10.6888888888889,18.8148148148148
"37",1991,"N10",50.2872222222222,2.06777777777778,1.99944444444444,16.1633333333333,66.5716666666667,2.82333333333333,31.0933333333333,7.41666666666667,6.77777777777778
"38",1991,"N20",19.814,0.91,4.504,5.73,34.257,1.842,32.939,10.9,7.8
"39",1991,"N70",3.13363636363636,0.265454545454545,2.49636363636364,1.33727272727273,9.55090909090909,0.944545454545455,35.2609090909091,10.6909090909091,4.45454545454545
"40",1991,"R03",10.914,1.212,18.688,4.242,46.1,4.254,32.478,13.64,30.8
"41",1991,"R50",5.07,0.35,2.944,1.388,17.522,1.394,33.748,13.78,4.4
"42",1991,"R70",3.608,0.204,2.056,2.222,13.436,1.076,33.326,14.3,3.4
"43",1991,"SOEL",31.5,12.94375,5.58,84.81625,78.0975,14.8025,21.9125,13.0625,3.125
"44",1991,"T004",18.7395,0.735833333333333,4.95466666666667,5.188,34.7175,1.84683333333333,32.8513333333333,10.4183333333333,16.5166666666667
"45",1991,"T010",14.439,0.664,3.184,4.349,25.236,1.421,33.507,10.65,7.4
"46",1991,"T100",4.357,0.369,0.744,3.368,10.033,0.919,34.689,10.77,4.7
"47",1991,"T135",2.52444444444444,0.372222222222222,1.51777777777778,2.49111111111111,9.06222222222222,1.01,34.7055555555556,11.2333333333333,2.11111111111111
"48",1991,"T175",3.11,0.322222222222222,0.668888888888889,2.71777777777778,9.49111111111111,0.866666666666667,34.7933333333333,10.7888888888889,4.88888888888889
"49",1991,"T235",2.52888888888889,0.253333333333333,1.02888888888889,1.92111111111111,8.80333333333333,0.753333333333333,34.9,10.6444444444444,3.44444444444444
"50",1991,"VLIS",68.02625,2.34375,6.54,20.969375,94.016875,5.520625,30.699375,9.69375,84.25
"51",1991,"W02",28.3561666666667,1.24066666666667,9.16166666666667,8.62333333333334,54.5276666666667,3.405,32.7738333333333,11.23,43.05
"52",1991,"W20",12.085,0.726,4.496,4.682,26.265,1.85,33.921,11.44,12.3
"53",1991,"W70",3.428,0.285,2.826,1.901,9.703,0.915,35.312,11.6,4.72
"54",1991,"WISS",25.17875,1.28041666666667,3.6625,8.90458333333333,44.6158333333333,2.79125,32.2954166666667,10.2166666666667,18.7916666666667
"55",1991,"ZIJP",32.1222727272727,1.84318181818182,4.21818181818182,11.1727272727273,54.5195454545455,3.13818181818182,30.7527272727273,10.7363636363636,5.45454545454545
"56",1991,"ZUID",25.20125,1.82,31.45,16.76875,61.19625,5.02,30.6025,10.7875,37.875
"57",1992,"DANT",25.8575,1.55291666666667,16.0241666666667,10.15625,71.11625,6.48708333333333,28.91125,11.3458333333333,76.4583333333333
"58",1992,"DREI",16.0355,3.7895,3.885,8.531,43.768,5.16,30.24,11.57,5.2
"59",1992,"G6",32.4615,1.23025,7.25775,9.24875,53.1975,2.84775,31.459,11.7135,27.025
"60",1992,"GROO",195.164,4.233,7.393,98.701,241.7295,8.55,17.148,12.56,96.5
"61",1992,"HAMM",28.4441666666667,1.39583333333333,2.79,10.7366666666667,46.41375,2.33708333333333,31.8270833333333,11.725,7
"62",1992,"HANS",281.771875,7.319375,7.655,83.406875,323.43625,12.1225,16.96625,10.11875,48.375
"63",1992,"HUIB",26.4975,1.065,5.02916666666667,9.56333333333333,47.07125,2.56625,30.38125,11.4708333333333,10.9583333333333
"64",1992,"LODS",23.75,1.59590909090909,2.90363636363636,8.02272727272727,44.6590909090909,2.69136363636364,31.4227272727273,11.9772727272727,5.77272727272727
"65",1992,"MARS",33.2322727272727,1.05181818181818,7.56909090909091,10.3090909090909,57.6759090909091,2.70318181818182,28.15,12.2409090909091,19.0454545454545
"66",1992,"N02",52.50025,1.68775,6.269,13.6135,70.89925,2.8635,29.224,11.904,13.55
"67",1992,"N10",38.223125,1.59895833333333,1.89604166666666,11.3802083333333,52.23875,2.27875,31.4466666666667,10.2683333333333,7.1875
"68",1992,"N20",17.2177777777778,0.693333333333333,3.82666666666667,4.58444444444444,32.96,1.40111111111111,32.8444444444444,12.4888888888889,5
"69",1992,"N70",3.48888888888889,0.26,1.2,1.64555555555556,13.1044444444444,0.884444444444444,35.2233333333333,12.3333333333333,2.55555555555556
"70",1992,"R03",12.7383333333333,1.135,8.61333333333333,3.085,40.5833333333333,3.25,33.4433333333333,14.2166666666667,26
"71",1992,"R50",2.37,0.253333333333333,3.37333333333333,1.5,15.1183333333333,0.833333333333333,34.1666666666667,14.1,3
"72",1992,"R70",3.61833333333333,0.236666666666667,2.36,2.14666666666667,13.8333333333333,0.791666666666667,32.5533333333333,14.7333333333333,4.33333333333333
"73",1992,"SOEL",67.2664285714286,13.5135714285714,3.86428571428571,87.8028571428571,114.362857142857,15.19,20.2564285714286,10.2642857142857,3.42857142857143
"74",1992,"T004",14.5684166666667,0.850833333333333,7.06508333333333,3.71633333333333,34.9650833333333,1.86408333333333,32.6035833333333,11.4993333333333,14.975
"75",1992,"T010",10.892,0.489,3.812,3.52,25.727,1.263,33.457,11.65,4.9
"76",1992,"T100",2.67777777777778,0.301111111111111,1.27777777777778,2.34333333333333,11.7388888888889,0.796666666666667,34.6733333333333,11.0777777777778,3.44444444444444
"77",1992,"T135",2.69125,0.375,1.0475,2.62875,12.06375,0.74875,34.8,10.475,1.625
"78",1992,"T175",2.48,0.333333333333333,1.12,2.01777777777778,12.3,0.786666666666667,34.8355555555556,10.4,2.11111111111111
"79",1992,"T235",2.84666666666667,0.468888888888889,1.42222222222222,1.84555555555556,12.3111111111111,0.903333333333333,34.9844444444444,10.4222222222222,2.22222222222222
"80",1992,"VLIS",80.25,2.57666666666667,5.26814814814815,22.8292592592593,101.767222222222,4.52925925925926,29.5035185185185,10.6759259259259,38.6851851851852
"81",1992,"W02",26.3205555555556,1.27388888888889,7.155,8.91916666666667,50.0458333333333,3.25527777777778,32.645,12.4816666666667,36
"82",1992,"W20",20.1422222222222,0.94,5.22666666666667,6.79777777777778,33.3577777777778,1.90777777777778,33.7366666666667,11.2555555555556,13.4444444444444
"83",1992,"W70",4.942,0.341,1.676,2.577,14.606,0.94,35.231,11.99,4.7
"84",1992,"WISS",24.0122727272727,1.23181818181818,3.05090909090909,9.94909090909091,42.005,2.39909090909091,32.3586363636364,12.0636363636364,13.3181818181818
"85",1992,"ZIJP",41.0720833333333,1.70916666666667,5.32083333333333,12.8395833333333,66.5229166666667,2.8375,29.5625,11.6625,4.83333333333333
"86",1992,"ZUID",37.1009090909091,2.08272727272727,11.6890909090909,20.5277272727273,72.2918181818182,5.44636363636364,28.785,12.2136363636364,34.7727272727273
"87",1993,"DANT",35.6801515151515,0.930909090909091,16.9524242424242,15.9124242424242,77.5772727272727,5.66924242424242,26.8915151515152,10.2772727272727,97.4848484848485
"88",1993,"DREI",11.7690909090909,3.41,4.18909090909091,8.21818181818182,41.7318181818182,4.76363636363636,30.4154545454545,12.3272727272727,2.90909090909091
"89",1993,"G6",29.16375,0.79375,8.02458333333333,5.70958333333334,53.2783333333333,3.075,31.0895833333333,13.0108333333333,17.9583333333333
"90",1993,"GROO",268.61,2.79621212121212,5.54393939393939,125.808636363636,340.339393939394,9.05515151515151,10.1769696969697,9.44848484848485,106.075757575758
"91",1993,"HAMM",27.1720833333333,1.24958333333333,3.84666666666667,9.41958333333333,45.15,2.13708333333333,31.76375,11.7833333333333,9.41666666666667
"92",1993,"HANS",217.277777777778,5.77222222222222,14.0888888888889,41.4966666666667,248.761111111111,9.19111111111111,19.6566666666667,14.4222222222222,40.8888888888889
"93",1993,"HUIB",38.5255,0.872166666666667,8.341,14.7601666666667,61.1626666666667,2.09883333333333,27.9046666666667,9.69333333333333,10.3833333333333
"94",1993,"LODS",23.4020833333333,1.34875,4.4875,8.30125,46.3216666666667,2.28166666666667,31.46125,11.7041666666667,5.29166666666667
"95",1993,"MARS",29.9525,0.675625,10.59875,7.176875,62.035625,2.7025,26.911875,11.15,34.375
"96",1993,"N02",38.4320833333333,1.03541666666667,7.79416666666667,6.19166666666666,60.2566666666667,2.2725,29.545,12.7691666666667,13.1666666666667
"97",1993,"N10",40.322375,0.9035,5.8145,7.76025,59.150375,1.814375,30.40175,11.63875,5.9375
"98",1993,"N20",22.8255555555556,0.618888888888889,5.60666666666667,4.71888888888889,46.9533333333333,1.39333333333333,32.0233333333333,12.1666666666667,3.33333333333333
"99",1993,"N70",2.9,0.182222222222222,3.38222222222222,1.49666666666667,13.6988888888889,0.726666666666667,35.0411111111111,12.0555555555556,3.55555555555556
"100",1993,"R03",14.375,0.626666666666667,15.53,1.51666666666667,40.0616666666667,2.24333333333333,30.8933333333333,14.3666666666667,12.5
"101",1993,"R50",5.662,0.19,3.356,0.794,19.944,0.788,33.928,12.52,2
"102",1993,"R70",3.166,0.11,3.728,1.342,16.9,0.718,34.202,12.26,3.2
"103",1993,"SOEL",42.3022222222222,14.68,18.2222222222222,125.47,97.9911111111111,16.9744444444444,19.5055555555556,12.0555555555556,5.22222222222222
"104",1993,"T004",15.7575,0.3375,13.4525,3.51125,45.72375,1.75,32.21375,12.21375,13.5
"105",1993,"T010",12.4485714285714,0.345714285714286,6.15428571428571,2.99,31.47,1.28285714285714,32.9114285714286,12.5142857142857,10.4285714285714
"106",1993,"T100",2.3425,0.21375,1.7075,2.0275,12.52625,0.71625,34.53625,11.1625,1.875
"107",1993,"T135",2.92857142857143,0.204285714285714,1.31714285714286,2.25285714285714,14.1314285714286,0.671428571428571,34.7128571428571,10.2857142857143,2.14285714285714
"108",1993,"T175",2.88,0.245,1.18333333333333,1.92166666666667,10.3566666666667,0.695,34.7916666666667,9.53333333333333,2
"109",1993,"T235",1.67428571428571,0.147142857142857,1.11428571428571,1.01571428571429,17.5514285714286,0.794285714285714,35.04,10.0142857142857,2.85714285714286
"110",1993,"VLIS",65.089,2.0635,8.079,17.0495,92.046,5.8985,29.864,11.71,44.7
"111",1993,"W02",20.69875,0.8975,12.6683333333333,4.89333333333333,48.2125,2.67458333333333,32.4841666666667,13.17375,30.75
"112",1993,"W20",12.9411111111111,0.605555555555556,5.11333333333333,3.43333333333333,29.0566666666667,1.48333333333333,33.6611111111111,12.6666666666667,6.33333333333333
"113",1993,"W70",4.665,0.261,2.43,1.754,12.994,0.692,35.148,11.79,4.9
"114",1993,"WISS",25.5740909090909,1.06409090909091,4.96727272727273,7.91818181818182,43.74,2.25909090909091,32.1436363636364,12.3772727272727,13.1818181818182
"115",1993,"ZIJP",34.1481818181818,1.52545454545455,9.76363636363636,10.9290909090909,58.1618181818182,2.59454545454545,29.9527272727273,12.2909090909091,3.72727272727273
"116",1993,"ZUID",54.3563636363636,1.65,13.7809090909091,26.5809090909091,100.315,4.69545454545455,25.8586363636364,8.76363636363636,47.0909090909091
"117",1994,"DANT",36.4961111111111,1.13,20.8411111111111,16.9238888888889,95.9527777777778,5.33277777777778,24.81,13.0722222222222,85.3833333333333
"118",1994,"DREI",15.9574242424242,3.18333333333333,8.02181818181818,8.83545454545455,46.9410606060606,4.33757575757576,28.9072727272727,11.8106060606061,2.78787878787879
"119",1994,"G6",29.655,1.121875,20.280625,8.3034375,61.3265625,2.794375,30.6440625,12.884375,25.28125
"120",1994,"GROO",186.556111111111,3.20111111111111,9.72,90.7066666666667,268.241666666667,9.27222222222222,11.6711111111111,12.8388888888889,125.444444444444
"121",1994,"HAMM",29.265,1.155,3.88571428571429,10.1585714285714,49.9142857142857,1.87642857142857,30.8507142857143,12.3428571428571,6.85714285714286
"122",1994,"HANS",233.94125,4.530625,7.7975,59.295,313.486875,7.86625,15.925,12.18125,37.625
"123",1994,"HUIB",25.04625,0.75875,11.00375,6.00875,53.11125,2.134375,25.929375,13.5875,8.6875
"124",1994,"LODS",26.757037037037,1.25611111111111,6.43333333333333,7.70018518518519,52.15,2.12907407407407,30.2603703703704,13.4537037037037,5.24074074074074
"125",1994,"MARS",39.141875,0.9525,8.6525,11.004375,68.968125,2.5225,23.77375,12.11875,24.8125
"126",1994,"N02",50.8038541666667,1.0453125,6.50375,15.1677083333333,74.208125,2.30583333333333,28.6034375,10.7708333333333,13.15625
"127",1994,"N10",26.4988333333333,0.748166666666667,7.53,8.37633333333333,49.9,1.64794444444444,30.5641666666667,13.8633333333333,7.37777777777777
"128",1994,"N20",22.9695,0.579,7.386,7.2305,42.75,1.239,31.738,11.14,4.4
"129",1994,"N70",3.01625,0.1675,2.315,1.82375,15.061875,0.629375,34.845,11.61875,3.5625
"130",1994,"R03",25.305,0.395,17.91,5.2875,54.2875,1.7375,29.9,10.45,12.75
"131",1994,"R50",4.66666666666667,0.14,5.62666666666667,1.04333333333333,18.5,0.526666666666667,33.88,10.8333333333333,1.66666666666667
"132",1994,"R70",9.16666666666667,0.376666666666667,2.12,3.20333333333333,19.7866666666667,0.763333333333333,34.1233333333333,10.0333333333333,3.33333333333333
"133",1994,"SOEL",73.039375,13.686875,4.63,159.82125,127.530625,15.411875,15.19375,11.81875,2.45
"134",1994,"T004",17.118125,0.413125,12.10625,4.39062500000001,41.7175,1.615625,31.746875,12.0354166666667,10.0625
"135",1994,"T010",21.6475,0.436875,8.32125,5.655625,39.728125,1.184375,32.00375,10.4125,5.5
"136",1994,"T100",3.27,0.287142857142857,1.39428571428571,2.75214285714286,15.2035714285714,0.667857142857143,34.3778571428571,10,2.42857142857143
"137",1994,"T135",3.39833333333333,0.337142857142857,0.824761904761905,2.93285714285714,13.8978571428571,0.662619047619048,34.6892857142857,9.55714285714286,2.85714285714286
"138",1994,"T175",1.43466666666667,0.15,1.14,1.013,10.4316666666667,0.562,34.7093333333333,9.48333333333334,1.49333333333333
"139",1994,"T235",1.57166666666667,0.186666666666667,1.63944444444444,0.795555555555555,10.9361111111111,0.631111111111111,34.9319444444445,9.82777777777778,1.75
"140",1994,"VLIS",76.0829166666667,1.49833333333333,14.1983333333333,21.995,108.964583333333,3.82958333333333,28.07625,11.8375,39.5416666666667
"141",1994,"W02",26.8821875,1.4778125,8.963125,8.8315625,56.250625,3.4240625,31.8165625,13.06875,32.1875
"142",1994,"W20",14.22375,0.54,7.4425,5.29125,32.12625,1.47875,33.335,13.2875,9
"143",1994,"W70",3.3575,0.27625,2.1225,2.1925,13.13375,0.74,34.96375,13.025,3.875
"144",1994,"WISS",25.4011111111111,0.946851851851852,5.21407407407407,8.53222222222222,47.1922222222222,1.93037037037037,31.1446296296296,13.2944444444444,10.2962962962963
"145",1994,"ZIJP",36.5196296296296,1.37907407407407,11.5318518518519,11.3755555555556,65.6266666666667,2.4162962962963,28.9759259259259,13.3833333333333,3.90740740740741
"146",1994,"ZUID",31.7655,1.872,23.7795,17.7435,84.5475,5.1535,26.0215,12.03,62.915
"147",1995,"DANT",33.5563636363636,0.823636363636364,16.8090909090909,15.4390909090909,87.7590909090909,5.32181818181818,28.6154545454545,10.1545454545455,100.054545454545
"148",1995,"DREI",16.1787878787879,3.2480303030303,5.46227272727273,10.5865151515152,46.7239393939394,4.42818181818182,27.7371212121212,12.2893939393939,3.01515151515152
"149",1995,"G6",34.6413333333333,1.026,7.20333333333333,9.29,56.762,2.222,28.8666666666667,15.4,25.6666666666667
"150",1995,"GROO",170.173636363636,3.48545454545455,7.24545454545455,112.916363636364,256.156363636364,10.9963636363636,13.41,10.0090909090909,151.636363636364
"151",1995,"HAMM",34.9181944444444,1.16236111111111,4.74722222222222,12.1293055555556,55.9488888888889,2.10666666666667,29.755,12.3958333333333,8.31944444444444
"152",1995,"HANS",210.85625,4.668125,8.49875,62.8275,274.235625,8.4625,16.934375,11.95,44.6875
"153",1995,"HUIB",35.1063636363636,0.992727272727273,6.70727272727273,15.0181818181818,63.4881818181818,2.37363636363636,27.9263636363636,11.3545454545455,16.0909090909091
"154",1995,"LODS",36.0572222222222,1.25986111111111,4.11138888888889,10.5025,58.3902777777778,2.22291666666667,29.0486111111111,12.4013888888889,7.25
"155",1995,"MARS",37.6866666666667,0.775833333333333,10.09,12.3858333333333,69.9108333333333,2.37416666666667,27.0283333333333,11.8416666666667,30.25
"156",1995,"N02",40.5753571428571,0.973571428571429,14.9663095238095,12.7564285714286,66.3232142857143,2.54857142857143,27.957619047619,13.6559523809524,16.1428571428571
"157",1995,"N10",30.38375,0.26875,10.1825,7.29625,51.2775,1.1075,28.9525,13.0375,3.75
"158",1995,"N20",22.7583333333333,0.564444444444444,7.39444444444444,6.54611111111111,39.6777777777778,1.26277777777778,30.8655555555556,12.3722222222222,4.11111111111111
"159",1995,"N70",3.50222222222222,0.245555555555556,2.48555555555556,1.69833333333333,12.8066666666667,0.835555555555555,34.7222222222222,12.4888888888889,3.5
"160",1995,"R03",32.629375,1.14041666666667,17.0241666666667,12.2935416666667,69.3620833333334,3.21104166666667,29.7516666666667,11.8020833333333,41.1458333333333
"161",1995,"R50",4.436,0.176,2.184,1.34,17.056,0.62,33.192,13.84,4
"162",1995,"R70",3.278,0.142,1.38,1.58,12.558,0.542,33.712,13.9,1.6
"163",1995,"SOEL",72.5236363636364,12.3845454545455,7.88545454545454,157.903636363636,119.657272727273,15.4986363636364,15.0509090909091,11.7954545454545,2.68181818181818
"164",1995,"T004",18.0795833333333,0.58625,7.789375,6.13354166666666,36.5429166666667,1.45895833333333,31.6927083333333,12.3833333333333,11.2708333333333
"165",1995,"T010",13.1842857142857,0.435,6.12285714285714,4.50642857142857,28.5714285714286,1.02428571428571,32.1107142857143,13.3142857142857,3.07142857142857
"166",1995,"T100",3.30214285714286,0.279285714285714,1.54428571428571,2.415,10.02,0.570714285714286,34.55,12.6785714285714,2.28571428571429
"167",1995,"T135",3.08416666666667,0.32,1.15666666666667,1.81166666666667,8.8375,0.598333333333333,34.8325,11.875,1.75
"168",1995,"T175",2.10071428571429,0.220714285714286,1.39857142857143,1.20857142857143,8.15857142857143,0.531428571428571,34.9235714285714,12.3214285714286,3.78571428571429
"169",1995,"T235",1.6625,0.229166666666667,2.14666666666667,1.51416666666667,8.53,0.530833333333333,34.9808333333333,12.8,4.33333333333333
"170",1995,"VLIS",87.502380952381,1.86309523809524,5.87714285714286,27.0438095238095,120.932857142857,4.67142857142857,27.4978571428571,11.2119047619048,54.0238095238095
"171",1995,"W02",25.3784523809524,0.932619047619047,11.94,8.20761904761904,50.872380952381,2.31785714285714,30.7880952380952,14.5511904761905,29.7857142857143
"172",1995,"W20",16.669375,0.66875,9.86625,6.56625,35.045,1.804375,32.27625,14.04375,7.625
"173",1995,"W70",4.09166666666667,0.270555555555556,2.66666666666667,2.15055555555556,13.0472222222222,0.669444444444444,34.7905555555556,13.7222222222222,3.77777777777778
"174",1995,"WISS",41.1383333333333,1.075,4.6,13.5483333333333,60.0233333333333,2.12666666666667,30.1144444444444,10.8722222222222,14.2222222222222
"175",1995,"ZIJP",49.6272727272727,1.70106060606061,5.41212121212121,18.1709090909091,73.0459090909091,2.81969696969697,27.9625757575758,12.3893939393939,4.15151515151515
"176",1995,"ZUID",44.7066666666667,1.37888888888889,13.1044444444444,29.5455555555556,100.095,5.05222222222222,27.8072222222222,8.67222222222222,78.5055555555556
"177",1996,"DREI",11.326,1.6985,10.069,9.14616666666667,40.999,2.92616666666667,30.7665,9.22,3.9
"178",1996,"G6",30.9557575757576,0.656060606060606,14.5245454545455,8.43212121212121,60.1259090909091,2.23439393939394,30.6125757575758,11.030303030303,22.4090909090909
"179",1996,"HAMM",25.5459090909091,0.948636363636364,2.80272727272727,7.97681818181818,44.0318181818182,1.62,31.6495454545455,10.4954545454545,7.72727272727273
"180",1996,"HANS",192.587777777778,4.33777777777778,9.36666666666667,49.315,237.031666666667,7.66944444444444,20.8261111111111,9.21111111111111,49.0555555555556
"181",1996,"LODS",24.9322727272727,0.997727272727273,5.55363636363636,6.41863636363636,47.0531818181818,1.83681818181818,31.1936363636364,10.1136363636364,6.18181818181818
"182",1996,"N02",34.0942857142857,0.651904761904762,12.3907142857143,5.81880952380952,60.3366666666667,1.77142857142857,29.9645238095238,11.9,10.9285714285714
"183",1996,"N10",24.9456388888889,0.619444444444444,8.12458333333333,5.70977777777778,44.9650833333333,1.27113888888889,31.1815833333333,11.9802777777778,5.1763888888889
"184",1996,"N20",21.0748484848485,0.555454545454545,3.8030303030303,6.33742424242424,34.185303030303,0.985151515151515,32.3862121212121,10.9484848484848,4.68181818181818
"185",1996,"N70",3.82833333333333,0.270416666666667,1.82388888888889,1.89722222222222,12.4397222222222,0.630555555555556,34.9697222222222,10.8972222222222,8.25
"186",1996,"R03",20.1027777777778,0.945555555555556,7.44722222222222,8.44166666666667,50.4366666666667,2.55944444444444,31.2938888888889,11.35,22.7777777777778
"187",1996,"R50",3.80571428571429,0.212857142857143,5.48571428571429,1.42285714285714,17.1614285714286,0.644285714285714,33.5971428571429,12.1857142857143,3.28571428571429
"188",1996,"R70",4.06142857142857,0.302857142857143,5.02571428571429,1.81142857142857,16.1214285714286,0.681428571428571,33.9828571428571,12.1285714285714,3.85714285714286
"189",1996,"SOEL",43.110625,10.81125,6.2625,90.179375,88.924375,12.1275,18.8125,10.65,2.5625
"190",1996,"T004",11.156875,0.37625,7.831875,3.6625,31.526875,1.4025,32.734375,11.8125,10.25
"191",1996,"T010",13.2384848484848,0.42530303030303,3.5769696969697,4.04848484848485,26.8154545454545,0.896363636363636,33.0459090909091,10.5075757575758,5.21212121212121
"192",1996,"T100",3.91272727272727,0.299242424242424,1.4430303030303,2.53363636363636,11.5824242424242,0.544090909090909,34.6130303030303,10.4272727272727,4.43939393939394
"193",1996,"T135",3.08393939393939,0.244848484848485,1.50939393939394,2.13924242424242,10.5509090909091,0.529090909090909,34.6333333333333,10.4242424242424,3.16666666666667
"194",1996,"T175",3.4805,0.236833333333333,4.671,2.56366666666667,12.0915,0.547166666666667,34.5768333333333,9.37833333333333,3.23333333333333
"195",1996,"T235",2.31060606060606,0.252424242424242,1.89818181818182,1.90863636363636,10.100303030303,0.536969696969697,34.7665151515152,9.83181818181818,4.86363636363636
"196",1996,"VLIS",56.9208333333333,1.42916666666667,9.81,17.1108333333333,96.7858333333333,3.9675,30.7233333333333,7.53333333333333,76.0833333333333
"197",1996,"W02",19.5303333333333,0.655333333333333,9.49183333333333,6.39783333333333,46.2733333333333,2.06283333333333,32.4158333333333,11.6083333333333,27.5333333333333
"198",1996,"W20",18.6608333333333,0.533333333333333,8.87666666666667,6.01916666666667,34.5175,1.2675,33.2375,10.4,14.4166666666667
"199",1996,"W70",4.25583333333333,0.245,2.69333333333333,2.2725,12.2441666666667,0.58,35.1416666666667,11.2916666666667,4.75
"200",1996,"WISS",23.4733333333333,0.787916666666667,3.9275,7.23333333333333,41.2179166666667,1.5375,32.0354166666667,10.4958333333333,8.83333333333333
"201",1996,"ZIJP",27.1483333333333,1.26125,6.8775,10.46375,48.4379166666667,2.02666666666667,29.7783333333333,10.5208333333333,5.20833333333333
"202",1997,"DANT",29.1618333333333,1.30916666666667,14.4773333333333,10.314,78.125,4.6445,30.4386666666667,11.675,69.515
"203",1997,"DREI",7.60714285714286,2.22785714285714,15.4385714285714,4.985,39.8128571428571,3.36428571428571,30.5528571428571,13.7521428571429,3.85714285714286
"204",1997,"G6",20.1733333333333,0.398333333333333,14.49,3.91166666666667,47.31,1.57166666666667,30.7383333333333,13.415,12.8333333333333
"205",1997,"GROO",166.512777777778,3.63361111111111,6.10888888888889,99.1858333333334,240.4925,9.355,15.9436111111111,14.2555555555555,117.277777777778
"206",1997,"HAMM",22.4978571428571,0.997857142857143,4.14428571428571,8.15928571428571,43.1692857142857,1.77785714285714,31.9221428571429,11.8407142857143,9.92857142857143
"207",1997,"HANS",199.5745,4.803,9.565,54.922,244.611,7.662,20.8935,10.1705,50.85
"208",1997,"HUIB",37.4624074074074,1.09592592592593,6.29962962962963,10.837037037037,60.1814814814815,1.99203703703704,30.0594444444444,12.9444444444444,12.1851851851852
"209",1997,"LODS",21.1545833333333,1.12208333333333,6.68208333333333,5.18145833333333,43.6614583333333,1.87458333333333,31.3875,12.8733333333333,5.77083333333333
"210",1997,"MARS",31.4440909090909,0.770151515151515,7.6069696969697,10.4751515151515,56.6424242424242,2.04121212121212,29.7956060606061,11.5969696969697,22.4242424242424
"211",1997,"N02",33.785,0.511666666666667,17.1733333333333,3.14166666666667,57.8216666666667,1.39333333333333,28.3516666666667,14.2283333333333,6.33333333333333
"212",1997,"N10",34.285,0.9,10.225,14.7325,73.3375,1.535,29.555,5.5225,11
"213",1997,"N20",14.4015,0.536333333333333,5.623,4.85316666666667,28.973,1.00966666666667,32.126,12.594,4.91666666666667
"214",1997,"N70",2.04583333333333,0.234333333333333,1.397,1.5195,10.539,0.550333333333333,35.1543333333333,12.7843333333333,6.98333333333333
"215",1997,"R03",23.216,0.64,9.796,7.054,55.474,2.002,30.81,13.242,16.8
"216",1997,"R50",5.472,0.208,2.752,0.996,18.014,0.472,33.528,13.542,1.8
"217",1997,"R70",4.036,0.174,1.268,0.614,14.658,0.432,33.934,14.082,2
"218",1997,"SOEL",36.0164285714286,9.54261904761905,4.89285714285714,58.967380952381,79.9571428571429,10.6969047619048,20.7457142857143,13.527380952381,2.33333333333333
"219",1997,"T004",9.90625,0.45125,5.4875,3.7625,27.5625,1.0575,32.4825,13.95375,6.625
"220",1997,"T010",11.6966666666667,0.499166666666667,3.19666666666667,4.65916666666667,23.9925,0.870833333333333,32.9591666666667,11.5916666666667,2.83333333333333
"221",1997,"T100",1.95166666666667,0.341666666666667,0.538333333333333,2.5275,7.9,0.489166666666667,34.63,13.4183333333333,1.76666666666667
"222",1997,"T135",1.9225,0.334166666666667,0.796666666666667,1.99666666666667,7.85833333333333,0.486666666666667,34.6933333333333,13.1225,1.2
"223",1997,"T175",1.86333333333333,0.3225,0.541666666666667,1.88,7.475,0.469166666666667,34.7225,12.8908333333333,1.5
"224",1997,"T235",1.945,0.33,0.544,1.609,8.895,0.539,34.86,10.727,2.8
"225",1997,"VLIS",46.7064285714286,1.51785714285714,7.93428571428571,16.2592857142857,73.2864285714286,3.11071428571429,31.3821428571429,10.4371428571429,41.3571428571429
"226",1997,"W02",14.4954285714286,0.519428571428571,10.4074285714286,5.66285714285714,41.9457142857143,1.76714285714286,32.3045714285714,11.9145714285714,20.0285714285714
"227",1997,"W20",11.122,0.617,3.4,5.365,26.121,1.145,33.566,12.995,13.5
"228",1997,"W70",3.243,0.302,1.536,1.532,11.342,0.595,35.146,13.099,8.5
"229",1997,"WISS",20.825,0.845,6.02,7.78071428571429,41.8914285714286,1.77285714285714,32.3064285714286,11.7807142857143,17.3571428571429
"230",1997,"ZIJP",44.2366666666667,1.27083333333333,5.175,12.8008333333333,68.34,2.0075,29.9066666666667,9.90833333333333,5.25
"231",1997,"ZUID",34.2483333333333,2.28604166666667,17.0570833333333,20.8683333333333,81.2352083333333,5.40145833333333,30.246875,13.3375,60.9791666666667
"232",1998,"DANT",30.8679166666667,0.875208333333334,16.3833333333333,16.5129166666667,88.84125,4.91604166666667,28.8879166666667,9.9875,116.18125
"233",1998,"DREI",19.9819444444444,1.85638888888889,5.74166666666667,11.2205555555556,46.1419444444444,2.70111111111111,29.1347222222222,11.4161111111111,2.58333333333333
"234",1998,"G6",27.92,0.4275,22.445,5.8825,77.035,2.94,30.4525,14.935,40.25
"235",1998,"GROO",267.120138888889,3.22055555555556,6.53527777777778,128.991388888889,344.990416666667,10.1305555555556,11.4391666666667,11.1388888888889,147.5
"236",1998,"HAMM",29.5164583333333,0.9925,3.45958333333333,12.2758333333333,47.7264583333333,1.69458333333333,31.77625,12.2458333333333,7.4375
"237",1998,"HANS",240.057424242424,4.71378787878788,6.36757575757575,73.6807575757576,287.424545454545,7.39,17.31,12.3851515151515,40.6666666666667
"238",1998,"HUIB",39.674,1.05033333333333,7.43166666666667,15.8623333333333,63.5556666666667,2.01583333333333,29.8173333333333,11.675,13.05
"239",1998,"LODS",28.2992592592593,1.05166666666667,3.98333333333333,9.53703703703704,49.7777777777778,1.79185185185185,30.9824074074074,13.0872222222222,5.24074074074074
"240",1998,"MARS",38.968125,0.766875,8.3725,14.43375,66.821875,2.355625,28.163125,10.8875,33.5625
"241",1998,"N02",30.59,0.6875,27.625,8.4375,66.285,1.985,29.2675,13.4775,35.25
"242",1998,"N10",11.08125,0.2285,13.518,5.08075,34.0665,1.05425,31.47075,14.6485,6.6
"243",1998,"N20",18.295625,0.591875,4.69,8.129375,31.075625,1.103125,32.6875,11.989375,3.6875
"244",1998,"N70",3.189375,0.22625,2.055,1.965,10.870625,0.52625,35.193125,11.411875,3.6875
"245",1998,"R03",26.5933333333333,0.71,14.04,7.07333333333333,60.43,2.37666666666667,30.0633333333333,14.0966666666667,28
"246",1998,"R50",2.76,0.1275,3.74,1.13,15.18,0.59,34.1675,13.655,1.5
"247",1998,"R70",1.8925,0.1375,4.6,1.435,11.1275,0.565,34.645,13.245,2.5
"248",1998,"SOEL",116.068194444444,12.0866666666667,7.13472222222222,123.655694444444,165.955694444444,13.3602777777778,17.8673611111111,11.6845833333333,2.23611111111111
"249",1998,"T004",13.7791666666667,0.1375,15.43,1.12,42.8925,1.11,31.8833333333334,11.3666666666667,9
"250",1998,"T010",22.5964285714286,0.523809523809524,4.08571428571429,9.4302380952381,34.7185714285714,0.899285714285714,32.3202380952381,9.46595238095238,3.69047619047619
"251",1998,"T100",3.54738095238095,0.411190476190476,1.44714285714286,3.32095238095238,9.79142857142857,0.663809523809524,34.6209523809524,9.73761904761905,1.85714285714286
"252",1998,"T135",3.0152380952381,0.369761904761905,0.844285714285714,2.72690476190476,8.42833333333333,0.57547619047619,34.6680952380952,9.3997619047619,1.61904761904762
"253",1998,"T175",2.20238095238095,0.345952380952381,0.844285714285714,1.92404761904762,8.15309523809524,0.561428571428571,34.6657142857143,9.09523809523809,1.80952380952381
"254",1998,"T235",3.27357142857143,0.298333333333333,1.50190476190476,2.4152380952381,9.75952380952381,0.559285714285714,34.86,8.94690476190476,2.97619047619048
"255",1998,"VLIS",65.7145833333333,1.659375,6.08,21.3697916666667,96.4483333333333,3.94333333333333,30.4708333333333,11.4577083333333,54.1041666666667
"256",1998,"W02",18.43,0.5925,13.365,5.2775,53.0025,2.89,32.815,15.1125,47.75
"257",1998,"W20",15.5111111111111,0.65,4.47333333333333,7.31444444444444,28.3566666666667,1.11777777777778,33.7877777777778,11.8922222222222,5.55555555555556
"258",1998,"W70",3.7375,0.2325,1.7725,2.32625,11.46375,0.53625,35.26875,12.82375,3.75
"259",1998,"WISS",22.7183333333333,0.84537037037037,3.77777777777778,10.7457407407407,40.932962962963,1.64944444444444,32.355,13.1201851851852,11.4074074074074
"260",1998,"ZIJP",48.9696666666667,1.25433333333333,7.214,16.5936666666667,72.4345,1.999,29.573,12.093,3
"261",1998,"ZUID",53.9536363636364,1.65712121212121,15.57,33.7943939393939,116.870909090909,6.49015151515152,27.9,9.96060606060606,109.878787878788
"262",1999,"DANT",33.1675,0.891666666666667,16.4054166666667,14.7208333333333,93.0916666666667,5.23541666666667,28.07375,11.24125,98.2166666666667
"263",1999,"DREI",21.2955555555556,1.20333333333333,4.99444444444444,8.52666666666667,44.8811111111111,2.00388888888889,28.5894444444444,8.74833333333333,3.38888888888889
"264",1999,"G6",28.775,0.995,4.19,12.4483333333333,52.5583333333333,2.46833333333333,28.895,15.365,23.8333333333333
"265",1999,"GROO",185.055909090909,3.29409090909091,6.88818181818182,102.430454545455,281.187727272727,11.6186363636364,14.3413636363636,10.0636363636364,181.136363636364
"266",1999,"HAMM",41.4937037037037,1.12259259259259,4.35111111111111,15.5496296296296,60.2048148148148,1.85185185185185,30.567037037037,10.6774074074074,8.72222222222222
"267",1999,"HANS",266.256666666667,4.32888888888889,3.91111111111111,91.5405555555556,305.586481481481,6.92833333333333,15.2907407407407,10.7461111111111,31.1481481481481
"268",1999,"HUIB",35.4158333333333,1.10291666666667,6.58416666666667,15.02125,62.3304166666667,2.34375,29.7633333333333,11.09125,18.4166666666667
"269",1999,"LODS",41.8975925925926,1.20388888888889,4.76259259259259,12.5542592592593,63.3818518518518,1.97,29.9174074074074,10.6088888888889,6.24074074074074
"270",1999,"MARS",30.3005,0.693,6.543,11.1945,57.8405,2.12,28.581,11.0895,26.25
"271",1999,"N02",34.3888888888889,0.956111111111111,9.34888888888888,13.1272222222222,55.7016666666667,1.9,28.8711111111111,13.8088888888889,11.0833333333333
"272",1999,"N10",24.1827777777778,0.839444444444444,8.5188888888889,8.50777777777778,44.0816666666667,1.69722222222222,30.0144444444444,14.7511111111111,5.72222222222222
"273",1999,"N20",25.9672222222222,0.776666666666667,6.94111111111111,9.50055555555556,39.0872222222222,1.25444444444444,31.8083333333333,11.3583333333333,4.55555555555556
"274",1999,"N70",2.39928571428571,0.194761904761905,1.44190476190476,1.54571428571429,10.9159523809524,0.542857142857143,35.0380952380952,14.2085714285714,2.83333333333333
"275",1999,"R03",17.8025,0.8175,14.91,2.6975,49.2675,2.1725,30.2875,16.6425,10.5
"276",1999,"R50",1.31,0.145,3.685,0.6775,15.1425,0.6525,33.2925,15.195,2.25
"277",1999,"R70",0.6675,0.12,3.095,0.79,13.5,0.63,33.765,15.0275,1.75
"278",1999,"SOEL",121.966428571429,13.3471428571429,4.92571428571429,158.673571428571,172.770714285714,14.5907142857143,14.2114285714286,9.00642857142857,1.85714285714286
"279",1999,"T004",20.1357142857143,0.495952380952381,5.99142857142857,8.63404761904762,41.5921428571429,1.55452380952381,31.1335714285714,12.7980952380952,11.7619047619048
"280",1999,"T010",15.3009523809524,0.412619047619048,3.47285714285714,6.03809523809524,28.762619047619,0.916904761904762,32.2471428571429,12.8864285714286,3.21428571428571
"281",1999,"T100",2.3102380952381,0.288571428571429,0.539047619047619,2.34119047619048,9.05857142857143,0.555,34.6002380952381,12.1395238095238,1.64285714285714
"282",1999,"T135",2.10404761904762,0.225952380952381,0.653809523809524,1.45690476190476,8.39761904761904,0.465714285714286,34.7933333333333,12.0033333333333,1.42857142857143
"283",1999,"T175",2.435,0.245,0.5925,1.2875,8.705,0.4975,34.875,11.4775,1.375
"284",1999,"T235",1.59433333333333,0.211,1.10533333333333,1.26166666666667,7.917,0.485,34.8216666666667,11.8386666666667,1.83333333333333
"285",1999,"VLIS",87.827,1.584,6.642,30.534,118.656,3.476,28.218,9.764,37.5
"286",1999,"W02",20.8166666666667,0.725555555555556,6.45777777777778,8.28,46.4133333333333,2.38888888888889,32.1488888888889,14.0577777777778,34.5555555555556
"287",1999,"W20",18.776,0.666,1.972,6.753,31.416,1.194,33.271,12.956,5.1
"288",1999,"W70",3.81181818181818,0.266363636363636,2.39090909090909,1.98363636363636,11.9945454545455,0.633636363636364,35.0581818181818,12.4936363636364,4
"289",1999,"WISS",37.7781481481481,0.960740740740741,5.10555555555556,14.2448148148148,56.8837037037037,1.80407407407407,30.9131481481482,10.7587037037037,13.7222222222222
"290",1999,"ZIJP",64.5677083333333,1.386875,4.23375,22.6822916666667,84.5825,2.033125,28.881875,9.44479166666666,3.60416666666667
"291",1999,"ZUID",43.2077777777778,2.06222222222222,14.4155555555556,26.0644444444444,99.0716666666667,6.27222222222222,28.9505555555556,12.1244444444444,76.8888888888889
"292",2000,"DANT",36.02375,0.675625,18.366875,16.6872916666667,99.8641666666666,5.708125,27.48375,9.66583333333333,112.3
"293",2000,"DREI",20.0530555555556,1.40819444444444,4.08916666666667,9.52944444444444,44.3677777777778,2.2675,28.7770833333333,11.9313888888889,1.84722222222222
"294",2000,"G6",31.97,0.857272727272727,7.55454545454545,12.9981818181818,52.78,2.23727272727273,29.9263636363636,12.1772727272727,25.3636363636364
"295",2000,"GROO",192.740555555556,2.96611111111111,8.03777777777778,99.1724074074074,285.021481481481,11.002962962963,13.9974074074074,10.6685185185185,168.037037037037
"296",2000,"HAMM",31.8177272727273,1.14727272727273,4.37090909090909,13.9730303030303,49.9009090909091,1.93439393939394,30.5430303030303,12.4127272727273,8.53030303030303
"297",2000,"HANS",283.52,4.18,7.68,89.5425,323.735,6.905,14.9925,12.23,38.875
"298",2000,"HUIB",37.8070833333333,0.838125,6.13041666666666,12.544375,61.9208333333333,1.92916666666667,29.5789583333333,10.5685416666667,17.2291666666667
"299",2000,"LODS",35.2544444444444,1.33513888888889,3.895,15.2218055555556,54.7091666666667,2.11638888888889,29.7423611111111,12.2038888888889,4.86111111111111
"300",2000,"MARS",39.9201851851852,0.777222222222222,7.2837037037037,14.2577777777778,64.5975925925926,2.05222222222222,27.4266666666667,10.1646296296296,28.7777777777778
"301",2000,"N02",53.8207142857143,1.18142857142857,4.12571428571429,22.9342857142857,69.9128571428571,1.99571428571429,27.5471428571429,10.8435714285714,10.8571428571429
"302",2000,"N10",38.2230952380952,0.954761904761905,3.78095238095238,15.0971428571429,51.999880952381,1.54523809523809,29.9661904761905,10.892619047619,6.29761904761905
"303",2000,"N20",18.8359090909091,0.535606060606061,4.44909090909091,7.57378787878788,31.394696969697,1.03954545454545,31.9818181818182,11.9390909090909,3.86363636363636
"304",2000,"N70",3.8175,0.231,1.701,1.9805,11.794,0.582,34.8745,12.207,3.075
"305",2000,"R03",14.7016666666667,1.03833333333333,13.7866666666667,4.89333333333333,43.7383333333333,2.43166666666667,30.8883333333333,14.6316666666667,22.6666666666667
"306",2000,"R50",4.92333333333333,0.233333333333333,3.82333333333333,2.135,16.8566666666667,0.666666666666667,33.4216666666667,14.2766666666667,3.83333333333333
"307",2000,"R70",3.55333333333333,0.186666666666667,2.84333333333333,2.33333333333333,12.9766666666667,0.625,34.0016666666667,14.1166666666667,2.83333333333333
"308",2000,"SOEL",70.64,13.6073611111111,4.96944444444444,161.728611111111,119.35375,14.7988888888889,15.4855555555556,12.6395833333333,1.90972222222222
"309",2000,"T004",13.4280952380952,0.428333333333333,4.49333333333333,5.645,29.892619047619,1.29119047619048,32.2202380952381,12.5852380952381,11.047619047619
"310",2000,"T010",14.7827083333333,0.439583333333333,2.61875,6.01354166666667,26.2977083333333,0.947708333333333,32.5270833333333,11.6641666666667,4.20833333333333
"311",2000,"T100",3.54857142857143,0.4,1.00571428571429,3.36642857142857,10.9028571428571,0.745,34.575,9.88214285714286,2.71428571428571
"312",2000,"T135",3.27625,0.381875,0.81125,3.026875,9.09375,0.6975,34.60125,9.405,1.65625
"313",2000,"T175",2.71428571428571,0.361428571428571,1.06857142857143,2.40142857142857,8.19428571428571,0.92,34.7757142857143,9.87428571428571,1.42857142857143
"314",2000,"T235",2.82,0.33125,1.28333333333333,2.13416666666667,9.29270833333333,0.901875,34.93125,10.40875,1.66666666666667
"315",2000,"VLIS",49.86,1.305,7.53,11.445,74.43,2.615,29.61,16.485,23
"316",2000,"W02",27.3825,0.861666666666667,11.4083333333333,10.9741666666667,54.5125,2.91583333333333,31.7533333333333,11.8291666666667,48.75
"317",2000,"W20",18.8836363636364,0.620909090909091,3.76,6.44909090909091,29.9736363636364,1.16,33.1518181818182,11.9972727272727,6.18181818181818
"318",2000,"W70",4.53,0.266,1.592,2.362,11.916,0.627,34.889,12.864,3.4
"319",2000,"WISS",31.1398333333333,1.0345,4.848,14.2105,49.7366666666667,1.97283333333333,31.0745,11.8908333333333,14.2166666666667
"320",2000,"ZIJP",41.3313636363636,1.36848484848485,6.19818181818182,17.6419696969697,63.3183333333333,2.14484848484848,28.5251515151515,12.4481818181818,4.10606060606061
"321",2000,"ZUID",54.628125,1.35125,9.03458333333333,29.3947916666667,104.588958333333,4.70833333333333,27.84625,8.95770833333333,71.8416666666667
"322",2001,"DANT",28.1276666666667,0.779166666666667,20.491,14.1746666666667,85.1005,5.082,29.0216666666667,9.44916666666667,92.2
"323",2001,"DREI",11.9669696969697,0.811515151515152,5.14727272727273,7.39787878787879,37.2640909090909,1.78348484848485,29.1578787878788,10.8239393939394,2.03030303030303
"324",2001,"G6",29.4163636363636,0.66,11.3218181818182,11.2218181818182,54.6663636363636,1.9,29.6827272727273,12.4654545454545,18.7
"325",2001,"GROO",221.277272727273,2.88393939393939,6.26242424242425,120.014393939394,309.489393939394,9.31090909090909,11.0569696969697,9.86136363636364,123.666666666667
"326",2001,"HAMM",32.7057575757576,0.96530303030303,4.97575757575758,15.1981818181818,52.5868181818182,1.70030303030303,30.7821212121212,10.7872727272727,8.26969696969697
"327",2001,"HANS",250.855166666667,4.44183333333333,8.83133333333333,83.848,298.859166666667,7.50775,13.8333333333333,11.9818333333333,41.5283333333333
"328",2001,"HUIB",51.9407407407407,1.04092592592593,5.91185185185185,25.1481481481481,78.3598148148148,2.29740740740741,28.6475925925926,8.01111111111111,19.1851851851852
"329",2001,"LODS",30.8719696969697,0.98969696969697,4.91151515151515,12.1316666666667,52.0537878787879,1.66484848484848,30.0575757575758,10.7015151515152,5.7030303030303
"330",2001,"MARS",33.6971666666667,0.675666666666667,7.24033333333333,12.685,60.2108333333333,1.78483333333333,26.6166666666667,11.2225,18.5666666666667
"331",2001,"N02",38.3478571428571,0.732142857142857,9.72571428571429,13.7935714285714,59.5457142857143,1.61928571428571,27.9428571428571,12.6421428571429,9.14285714285714
"332",2001,"N10",33.5079761904762,0.679047619047619,7.025,13.6817857142857,49.3347619047619,1.27916666666667,29.2447619047619,11.4855952380952,5.78571428571429
"333",2001,"N20",19.9160606060606,0.470757575757576,9.98393939393939,7.70424242424242,37.3054545454545,1.07969696969697,31.1601515151515,11.5230303030303,4.73333333333333
"334",2001,"N70",3.64393939393939,0.231363636363636,2.98575757575758,1.895,13.8237878787879,0.579848484848485,34.5272727272727,12.3187878787879,2.9969696969697
"335",2001,"R03",17.912,0.824,8.408,7.14,47.27,2.26,29.774,16.142,15.6
"336",2001,"R50",4.23,0.178,3.736,1.978,18.716,0.678,32.744,14.784,3.2
"337",2001,"R70",2.67,0.134,2.584,1.59,14.128,0.542,33.322,14.974,1.9
"338",2001,"SOEL",76.2434722222222,13.7981944444444,8.22861111111111,196.991111111111,127.395555555556,14.9655555555556,13.7406944444444,11.9813888888889,1.84166666666667
"339",2001,"T004",15.2647916666667,0.409583333333333,6.35416666666667,5.988125,32.5775,1.14020833333333,31.483125,12.2289583333333,8.55416666666667
"340",2001,"T010",12.43625,0.355625,5.00833333333333,4.72020833333333,25.8795833333333,0.901041666666667,32.193125,12.38875,3.8
"341",2001,"T100",1.9852380952381,0.24452380952381,0.768095238095238,2.215,8.79547619047618,0.499047619047619,34.4459523809524,12.8102380952381,1.26190476190476
"342",2001,"T135",0.823333333333333,0.167222222222222,1.09277777777778,1.35694444444444,7.88055555555555,0.406944444444444,34.5241666666667,13.6027777777778,2.09722222222222
"343",2001,"T175",1.43095238095238,0.202857142857143,0.879047619047619,1.59261904761905,7.96833333333333,0.467380952380952,34.6066666666667,12.482380952381,1.02380952380952
"344",2001,"T235",1.43642857142857,0.173809523809524,1.35809523809524,1.20285714285714,8.13857142857143,0.461666666666667,34.7630952380952,11.9683333333333,1.9047619047619
"345",2001,"VLIS",79.3905952380952,1.66964285714286,10.8447619047619,27.3820238095238,109.100595238095,3.25214285714286,26.759880952381,11.9867857142857,27.7880952380952
"346",2001,"W02",29.6075,0.815,11.01,11.2883333333333,55.0233333333333,2.23666666666667,31.0058333333333,11.5608333333333,31.15
"347",2001,"W20",16.2975,0.4575,7.43666666666667,5.82,31.0183333333333,0.988333333333333,32.6533333333333,11.8658333333333,6.20833333333333
"348",2001,"W70",4.40636363636364,0.246363636363636,2.50181818181818,1.94727272727273,13.3836363636364,0.600909090909091,34.5209090909091,12.4563636363636,3.20909090909091
"349",2001,"WISS",31.7066666666667,0.856060606060606,6.08333333333333,13.7409090909091,51.9134848484848,1.77181818181818,31.0578787878788,10.780303030303,12.0090909090909
"350",2001,"ZIJP",44.4890909090909,1.29227272727273,6.11030303030303,20.1507575757576,67.749696969697,2.05227272727273,28.9510606060606,10.7931818181818,3.03333333333333
"351",2001,"ZUID",55.62,1.61066666666667,10.839,36.2925,113.551,5.35433333333333,27.5121666666667,9.26683333333333,74.9333333333333
"352",2002,"DANT",25.3786666666667,1.01333333333333,16.2033333333333,14.633,74.9916666666667,4.46633333333333,28.3793333333333,12.0338333333333,79.0133333333333
"353",2002,"DREI",14.9073611111111,1.08638888888889,6.65138888888889,7.56069444444444,40.8163888888889,2.01902777777778,29.4301388888889,12.1508333333333,2.08333333333333
"354",2002,"G6",27.2925,0.620833333333333,10.4966666666667,10.6891666666667,55.2491666666667,2.19,30.2141666666667,12.3533333333333,23.75
"355",2002,"GROO",184.551833333333,3.04566666666667,6.53266666666667,142.133833333333,269.824333333333,9.608,11.5335,11.0885,115.783333333333
"356",2002,"HAMM",30.140303030303,1.02242424242424,4.0069696969697,13.8080303030303,47.1631818181818,1.68469696969697,31.0310606060606,11.4365151515152,7.75757575757576
"357",2002,"HANS",222.532592592593,4.34314814814815,7.42925925925926,91.2746296296296,272.314074074074,7.92444444444444,14.862037037037,11.7603703703704,57.5
"358",2002,"HUIB",31.8718181818182,1.00060606060606,5.93939393939394,16.3468181818182,55.2834848484848,2.00090909090909,28.670303030303,11.654696969697,12.969696969697
"359",2002,"LODS",31.5988888888889,1.26180555555556,2.23277777777778,12.17875,51.1252777777778,1.95541666666667,30.1101388888889,11.9241666666667,5.51388888888889
"360",2002,"MARS",34.2637037037037,0.79,5.01925925925926,14.567962962963,60.3451851851852,2.19462962962963,25.8972222222222,11.9901851851852,33.6851851851852
"361",2002,"N02",23.572,0.676,12.736,9.4,45.836,1.429,29.594,13.028,13.4
"362",2002,"N10",29.3452857142857,0.743142857142857,7.77914285714286,13.6985714285714,45.0531428571429,1.28438095238095,29.6417619047619,11.7815238095238,4.62857142857143
"363",2002,"N20",15.748,0.4285,6.929,6.2505,29.713,0.9245,31.51,12.2825,2.85
"364",2002,"N70",3.32388888888889,0.207777777777778,4.30777777777778,1.59888888888889,13.1522222222222,0.568333333333333,34.6294444444444,12.9694444444444,2.55555555555556
"365",2002,"R03",18.47,1.10714285714286,9.79142857142857,7.89714285714286,45.8771428571429,2.81,29.5285714285714,15.8714285714286,15.8571428571429
"366",2002,"R50",5.07166666666667,0.19,3.79666666666667,0.853333333333333,16.7383333333333,0.641666666666667,33.0066666666667,14.8583333333333,2
"367",2002,"R70",3.69857142857143,0.118571428571429,3.42285714285714,1.12857142857143,14.7142857142857,0.565714285714286,33.2714285714286,15.1428571428571,1.85714285714286
"368",2002,"SOEL",61.2694444444444,14.0027777777778,14.3758333333333,214.460833333333,128.485277777778,16.2611111111111,14.32125,12.0659722222222,5.11111111111111
"369",2002,"T004",20.6574074074074,0.520555555555556,4.15444444444444,8.72518518518518,37.4188888888889,1.23703703703704,30.987037037037,11.4855555555556,8.7962962962963
"370",2002,"T010",11.6235185185185,0.390740740740741,4.00518518518519,4.79740740740741,25.9494444444444,0.876111111111111,32.1196296296296,12.8225925925926,3
"371",2002,"T100",2.0095,0.269333333333333,0.836,1.89716666666667,8.99566666666667,0.573,34.438,12.2076666666667,1.56666666666667
"372",2002,"T135",1.25222222222222,0.216666666666667,0.851111111111111,1.20166666666667,7.01222222222222,0.495555555555556,34.5144444444444,12.5488888888889,1.27777777777778
"373",2002,"T175",1.205,0.246111111111111,1.66222222222222,1.40888888888889,7.43222222222222,0.541111111111111,34.6477777777778,12.0711111111111,1.11111111111111
"374",2002,"T235",1.301875,0.239375,1.24125,1.068125,7.391875,0.59,34.72,12.5675,1.1875
"375",2002,"VLIS",78.6113703703704,1.91292592592593,7.46614814814814,33.073962962963,113.334074074074,4.58962962962963,27.8048148148148,11.787037037037,69.3259259259259
"376",2002,"W02",25.6490909090909,0.720909090909091,7.26545454545455,10.7181818181818,56.5590909090909,2.30909090909091,31.5772727272727,12.0318181818182,33.6363636363636
"377",2002,"W20",15.4011111111111,0.522222222222222,3.46888888888889,6.79222222222222,32.2244444444444,1.24111111111111,33.0977777777778,12.0255555555556,4.88888888888889
"378",2002,"W70",4.23666666666667,0.243333333333333,3.48888888888889,1.92444444444444,16.27,0.686666666666667,34.7777777777778,12.3222222222222,3.88888888888889
"379",2002,"WISS",25.3001388888889,0.838194444444444,5.83333333333333,11.4968055555556,44.1715277777778,1.81986111111111,31.5815277777778,11.9795833333333,15.9305555555556
"380",2002,"ZIJP",40.4921212121212,1.44287878787879,3.54030303030303,18.4377272727273,62.1451515151515,2.05242424242424,28.904696969697,11.390303030303,2.34848484848485
"381",2002,"ZUID",45.3677272727273,1.73590909090909,11.8390909090909,32.4040909090909,95.5068181818182,5.21454545454545,26.82,11.0640909090909,67.8636363636364
"382",2003,"DANT",23.299696969697,1.20060606060606,20.795,11.9927272727273,77.9798484848485,5.4480303030303,29.7133333333333,10.8056060606061,94.8621212121212
"383",2003,"DREI",11.1542592592593,0.952592592592592,7.23296296296296,6.2162962962963,38.0627777777778,1.91148148148148,30.4896296296296,11.7383333333333,2.38888888888889
"384",2003,"G6",18.899,0.747,12.986,9.682,46.83,2.141,31.111,12.233,19.24
"385",2003,"GROO",128.911818181818,3.81909090909091,9.04909090909091,107.220454545455,205.798181818182,9.59590909090909,16.2245454545455,12.5090909090909,98.1818181818182
"386",2003,"HAMM",24.8795,1.08883333333333,3.55866666666666,11.568,42.3488333333333,1.6745,31.6963333333333,10.5515,7.26666666666667
"387",2003,"HANS",192.643181818182,5.49727272727273,6.76636363636364,73.0704545454546,232.198636363636,7.875,17.6495454545455,11.5622727272727,28.9545454545455
"388",2003,"HUIB",32.6436363636364,1.64454545454545,4.87636363636364,17.2845454545455,58.1054545454545,2.75045454545455,29.8836363636364,11.1940909090909,13.6818181818182
"389",2003,"LODS",27.4915,1.3065,3.84066666666667,10.9873333333333,47.8053333333333,1.9675,31.2205,10.2203333333333,5.35
"390",2003,"MARS",24.551875,0.548125,8.9825,10.569375,49.758125,1.843125,29.62125,11.883125,20.4375
"391",2003,"N02",39.445,0.966428571428571,6.28,16.995,58.9135714285714,1.83428571428571,28.6978571428571,11.0892857142857,10.7285714285714
"392",2003,"N10",28.2678125,0.8003125,3.705,12.67875,43.55375,1.361875,30.4075,11.1625,5.146875
"393",2003,"N20",16.7483333333333,0.545555555555556,3.66222222222222,7.01722222222222,30.8338888888889,1.105,32.0744444444444,12.1911111111111,3.25
"394",2003,"N70",2.45555555555556,0.241666666666667,1.79444444444444,1.59555555555556,11.1694444444444,0.642222222222222,35.0105555555556,12.49,2.73333333333333
"395",2003,"R03",20.528,1.472,9.076,9.346,44.672,3.05,30.974,15.418,13.76
"396",2003,"R50",2.648,0.356,3.096,2.458,16.03,1.122,33.262,15.358,2.28
"397",2003,"R70",1.25,0.272,3.2,2.486,13.356,0.828,33.522,15.408,1.64
"398",2003,"SOEL",21.926875,13.45375,28.4375,192.1075,98.200625,16.729375,18.135,13.549375,6.8125
"399",2003,"T004",14.105,0.5775,4.08,7.96333333333333,31.6308333333333,1.41,32.185,12.8933333333333,10.4
"400",2003,"T010",11.375,0.484166666666667,3.15333333333333,6.21,24.1316666666667,1.00583333333333,32.7025,12.7866666666667,3.7
"401",2003,"T100",3.2375,0.318333333333333,1.04166666666667,3.04083333333333,10.8175,0.635,34.3741666666667,13.4541666666667,1.51666666666667
"402",2003,"T135",2.65916666666667,0.295833333333333,0.96,2.0225,9.5675,0.618333333333333,34.4108333333333,13.2958333333333,1.08333333333333
"403",2003,"T175",2.5175,0.325833333333333,0.811666666666667,2.02916666666667,9.0825,0.710833333333333,34.62,13.1158333333333,1.225
"404",2003,"T235",1.57428571428571,0.237857142857143,1.16714285714286,1.48071428571429,7.60785714285714,0.654285714285714,34.7714285714286,12.7335714285714,1.37142857142857
"405",2003,"VLIS",58.915,2.12708333333333,5.92125,25.1358333333333,85.9739583333333,3.75854166666667,29.840625,10.7914583333333,31.00625
"406",2003,"W02",19.834,0.908,10.4,10.006,45.514,2.193,32.137,11.633,23.04
"407",2003,"W20",15.029,0.707,5.966,6.569,30.206,1.3,33.033,11.997,5.52
"408",2003,"W70",4.135,0.284,2.65,1.958,12.929,1.024,34.807,11.758,3.44
"409",2003,"WISS",23.2043333333333,1.03366666666667,4.09466666666667,10.7368333333333,40.9958333333333,1.85383333333333,32.0688333333333,10.5795,11.1666666666667
"410",2003,"ZIJP",35.0031666666667,1.42266666666667,5.53566666666667,15.7451666666667,55.8423333333333,2.1615,29.8378333333333,10.2646666666667,3.11666666666667
"411",2003,"ZUID",33.6295454545455,2.21090909090909,15.7890909090909,25.0386363636364,80.1863636363636,5.39363636363636,29.7368181818182,11.4218181818182,54.5
"412",2004,"DANT",18.756,0.673,17.217,9.562,78.4735,4.913,29.066,12.4945,107.33
"413",2004,"DREI",14.4275757575758,0.672272727272727,4.41333333333333,7.7169696969697,40.7018181818182,1.63606060606061,30.7527272727273,12.1278787878788,2.16666666666667
"414",2004,"G6",25.1666666666667,0.783333333333333,8.05111111111111,9.55222222222222,49.0322222222222,2.13444444444444,31.2366666666667,11.0388888888889,20.8222222222222
"415",2004,"GROO",167.896296296296,3.11962962962963,6.69740740740741,112.245740740741,252.50537037037,8.48703703703704,14.0387037037037,11.0177777777778,138.851851851852
"416",2004,"HAMM",26.1602777777778,1.05819444444444,2.94833333333333,12.3891666666667,44.0661111111111,1.75333333333333,32.1644444444444,12.1515277777778,7.47222222222222
"417",2004,"HANS",187.463703703704,3.99925925925926,3.6462962962963,63.5398148148148,236.548703703704,7.20981481481481,19.2462962962963,11.2262962962963,45.7222222222222
"418",2004,"HUIB",27.957037037037,0.81037037037037,6.45222222222222,11.5105555555556,53.462037037037,1.85111111111111,30.3553703703704,10.9988888888889,13.537037037037
"419",2004,"LODS",28.2923611111111,1.13486111111111,2.54277777777778,11.6179166666667,48.5051388888889,1.86222222222222,31.5159722222222,12.0847222222222,4.72222222222222
"420",2004,"MARS",21.7136666666667,0.858,8.727,6.35616666666667,50.9993333333333,2.1345,29.0651666666667,12.3783333333333,25.3833333333333
"421",2004,"N02",33.2092857142857,0.882142857142857,3.56857142857143,13.2242857142857,52.3771428571429,1.81571428571429,29.5685714285714,12.4878571428571,12.0357142857143
"422",2004,"N10",25.4145,0.70505,4.479,9.09855,42.786,1.3853,31.10375,11.54125,9.006
"423",2004,"N20",14.8968181818182,0.461818181818182,4.06,5.06863636363636,28.6718181818182,0.965,32.3481818181818,12.3172727272727,3.89090909090909
"424",2004,"N70",2.55777777777778,0.180555555555556,2.19888888888889,1.31111111111111,11.1627777777778,0.537777777777778,34.9827777777778,12.2411111111111,3.25555555555556
"425",2004,"R03",17.98,0.791428571428571,11.7942857142857,8.20285714285714,53.7942857142857,3.02,30.5457142857143,14.3042857142857,34.3857142857143
"426",2004,"R50",1.84285714285714,0.128571428571429,3.96,1.69428571428571,15.5014285714286,0.604285714285714,33.8928571428571,13.4728571428571,6.17142857142857
"427",2004,"R70",2.41285714285714,0.172857142857143,3.2,2.51142857142857,14.5914285714286,0.64,34.1871428571429,13.3185714285714,4.61428571428571
"428",2004,"SOEL",55.8574074074074,6.94944444444444,15.9007407407407,125.075185185185,113.911851851852,9.565,21.7064814814815,11.8555555555556,4.85185185185185
"429",2004,"T004",9.25888888888889,0.312777777777778,7.50222222222222,2.65611111111111,27.0394444444444,1.085,32.7888888888889,12.5016666666667,9.88888888888889
"430",2004,"T010",6.455,0.240555555555556,4.00555555555556,2.39611111111111,20.0283333333333,0.710555555555556,33.4444444444444,12.5622222222222,3.48888888888889
"431",2004,"T100",2.1025,0.3245,0.79,2.6745,9.8365,0.6485,34.6785,12.243,3.645
"432",2004,"T135",1.53,0.318,1.007,2.1215,8.674,0.628,34.8,12.201,3.64
"433",2004,"T175",0.918,0.255,0.89,1.5545,8.0665,0.5555,34.841,11.911,2.21
"434",2004,"T235",1.0385,0.1975,0.927,1.213,8.3,0.9575,34.989,11.4705,2.93
"435",2004,"VLIS",48.2716666666667,1.65611111111111,3.90222222222222,19.9533333333333,79.7888888888889,4.12277777777778,30.9016666666667,10.3861111111111,74.7777777777778
"436",2004,"W02",19.9990909090909,0.768181818181818,6.16909090909091,8.75363636363636,45.6290909090909,2.48727272727273,32.7427272727273,12.0763636363636,34.5818181818182
"437",2004,"W20",11.492,0.458,5.49,5.636,27.5,1.117,33.597,11.838,11.41
"438",2004,"W70",3.82090909090909,0.233636363636364,2.42181818181818,2.09636363636364,12.63,0.575454545454545,35.0172727272727,12.4490909090909,4.72727272727273
"439",2004,"WISS",21.1357575757576,0.922878787878788,3.69636363636364,10.0713636363636,40.1768181818182,1.89257575757576,32.530303030303,12.6475757575758,15.1666666666667
"440",2004,"ZIJP",33.4019444444445,1.25680555555556,4.29472222222222,14.4863888888889,54.8631944444444,1.97375,30.1288888888889,12.2851388888889,2.81944444444444
"441",2004,"ZUID",32.2961904761905,1.19571428571429,13.5457142857143,23.5730952380952,80.652380952381,4.02142857142857,29.1940476190476,9.48214285714286,61.2619047619048
"442",2005,"DANT",18.4519047619048,0.832619047619047,13.5209523809524,13.0447619047619,71.502619047619,4.39666666666667,29.6464285714286,11.3709523809524,100.328571428571
"443",2005,"DREI",11.1174242424242,0.880454545454545,3.81484848484848,6.87106060606061,36.7607575757576,1.75545454545455,30.17,12.1056060606061,2.45454545454545
"444",2005,"G6",28.5909090909091,0.690909090909091,8.37636363636364,12.4136363636364,47.9672727272727,1.83363636363636,30.3054545454545,11.6972727272727,16.3272727272727
"445",2005,"GROO",169.849,2.939,6.442,111.64,242.587,7.923,13.501,9.001,130.1
"446",2005,"HAMM",26.5845,1.117,2.89,14.3415,43.303,1.8,31.696,11.4785,9.35
"447",2005,"HANS",154.3115,4.1155,2.898,59.585,188.0365,6.0835,20.0225,11.817,35.45
"448",2005,"HUIB",23.237619047619,0.696666666666667,8.19666666666667,12.772380952381,52.0545238095238,2.08428571428571,29.9433333333333,10.9004761904762,32.4761904761905
"449",2005,"LODS",28.1635,1.2405,3.363,12.6485,48.1895,1.985,31.1215,11.484,9.35
"450",2005,"MARS",23.725,0.714285714285714,7.85142857142857,11.3007142857143,50.7092857142857,2.03285714285714,28.6314285714286,11.7657142857143,25.8571428571429
"451",2005,"N02",27.186,0.61,3.676,12.099,44.32,1.323,29.351,14.751,5.65
"452",2005,"N10",28.5400833333333,0.574395833333333,5.27329166666667,10.2219583333333,44.080875,1.27285416666667,30.4747083333333,10.7291875,4.291875
"453",2005,"N20",14.7092592592593,0.301481481481481,4.4162962962963,5.12333333333333,29.4894444444444,0.845,31.6377777777778,12.4855555555556,2.6962962962963
"454",2005,"N70",1.99833333333333,0.265833333333333,2.182,1.62633333333333,11.7086666666667,0.9925,34.7195,11.6923333333333,2.78166666666667
"455",2005,"R03",13.57,0.718333333333333,6.72666666666667,3.83833333333333,42.69,2.07166666666667,30.2916666666667,15.4016666666667,16.5166666666667
"456",2005,"R50",3.66,0.14,3.15,1.62166666666667,16.2383333333333,0.69,33.14,13.595,2.86666666666667
"457",2005,"R70",2.76166666666667,0.133333333333333,1.97666666666667,1.43666666666667,14.6283333333333,0.581666666666667,33.5266666666667,13.4083333333333,4.61666666666667
"458",2005,"SOEL",51.6175,5.071875,7.05375,62.669375,84.615,6.034375,26.385625,12.398125,4.3125
"459",2005,"T004",10.7569047619048,0.300238095238095,7.04333333333333,3.43119047619048,27.982380952381,1.01547619047619,32.545,11.7204761904762,6.7452380952381
"460",2005,"T010",7.91083333333333,0.266666666666667,5.12458333333333,2.615625,20.8802083333333,0.812291666666667,33.311875,11.2672916666667,3.86666666666667
"461",2005,"T100",1.66666666666667,0.315,0.916666666666667,2.99185185185185,8.43185185185185,0.67537037037037,34.7877777777778,11.5248148148148,3.01481481481481
"462",2005,"T135",1.55166666666667,0.297222222222222,1.19851851851852,2.39407407407407,8.01592592592593,0.69037037037037,34.8816666666667,11.1937037037037,2.30925925925926
"463",2005,"T175",1.58111111111111,0.291111111111111,0.687777777777778,1.90018518518519,7.99888888888889,0.75537037037037,34.9098148148148,10.8831481481481,2.65740740740741
"464",2005,"T235",1.38648148148148,0.267222222222222,0.824444444444444,1.6037037037037,8.62814814814815,1.14425925925926,34.8844444444444,10.5003703703704,2.80925925925926
"465",2005,"VLIS",55.0903703703704,1.90203703703704,3.18851851851852,23.4640740740741,80.417962962963,3.65518518518519,29.8918518518518,12.0683333333333,47.6407407407407
"466",2005,"W02",24.7718181818182,0.741818181818182,5.70181818181818,10.7109090909091,44.4863636363636,1.85545454545455,31.5663636363636,11.6863636363636,24.9454545454545
"467",2005,"W20",17.7409090909091,0.595454545454545,2.85272727272727,7.52818181818182,31.4745454545455,1.23545454545455,32.81,11.7709090909091,7.22727272727273
"468",2005,"W70",4.74818181818182,0.308181818181818,2.08181818181818,2.19454545454545,12.3454545454545,0.696363636363636,35.01,11.8,3.21818181818182
"469",2005,"WISS",22.2471428571429,0.957142857142857,4.24428571428571,11.9864285714286,38.24,1.71285714285714,32.0942857142857,11.9642857142857,11.3571428571429
"470",2005,"ZIJP",35.2375,1.413,3.786,19.0715,54.873,2.081,29.458,11.403,4.85
"471",2005,"ZUID",25.0395238095238,1.78095238095238,11.4819047619048,21.5880952380952,71.2914285714286,4.52761904761905,29.4692857142857,11.057619047619,54.7142857142857
